{
  "items": [
    {
      "groupid": "custom",
      "urlOrPath": "",
      "remark": "Самостоятельная настройка",
      "editAble": true,
      "groups": [
        {
          "groupid": "custom",
          "name": "🛑BLOCK",
          "type": "",
          "or": true,
          "rule_set_build_in": [
            "geosite:category-ads-all",
            "geosite:category-ads",
            "acl:BanAD",
            "acl:BanADCompany",
            "acl:BanProgramAD",
            "geosite:malware",
            "geoip:malware",
            "geosite:phishing",
            "geoip:phishing",
            "geosite:cryptominers"
          ]
        },
        {
          "groupid": "custom",
          "name": "🌐VPN",
          "type": "",
          "or": true,
          "domain": [
            "api.ios-kp.store",
            "digital-cdn.net",
            "m.pushbr.com",
            "api.srvkp.com",
            "kpapp.link",
            "boberlogs.top",
            "megabonk.fun",
            "hye1eaipby4w.xh8007l.ws",
            "fazhzcezbdj.xh8007l.ws"
          ],
          "rule_set_build_in": [
            "geosite:blocked@ru",
            "geoip:blocked-community@ru",
            "geoip:blocked@ru",
            "geosite:telegram",
            "geoip:telegram",
            "acl:Telegram",
            "geosite:whatsapp",
            "acl:Whatsapp",
            "geosite:curseforge"
          ],
          "process_name_windows": [
            "RevoUnin.exe",
            "RevoSrp.exe"
          ]
        }
      ]
    }
  ],
  "rule_set_items": []
}